CountryName,RegionName,GeoID,Date,PredictedDailyNewCases,smoothed_cases,population
Aruba,,Aruba__nan,2020-08-01,0.17925062439999997,0.3024142857142857,105845.0
Aruba,,Aruba__nan,2020-08-02,0.35850124879999995,0.4536214285714285,105845.0
Aruba,,Aruba__nan,2020-08-03,0.35850124879999995,0.7560357142857143,105845.0
Aruba,,Aruba__nan,2020-08-04,0.5377518732000001,1.9656928571428565,105845.0
Afghanistan,,Afghanistan__nan,2020-08-01,22108.580494927937,35791.69737714285,37172386.0
Afghanistan,,Afghanistan__nan,2020-08-02,44217.160989855875,29419.288348571426,37172386.0
Afghanistan,,Afghanistan__nan,2020-08-03,44217.160989855875,25702.049748571426,37172386.0
Afghanistan,,Afghanistan__nan,2020-08-04,66325.74148478382,22037.91455714286,37172386.0
Angola,,Angola__nan,2020-08-01,15187.862951946307,10915.458537142858,30809762.0
Angola,,Angola__nan,2020-08-02,30375.725903892613,11751.723505714286,30809762.0
Angola,,Angola__nan,2020-08-03,30375.725903892613,14524.602085714285,30809762.0
Angola,,Angola__nan,2020-08-04,45563.58885583892,15140.797325714284,30809762.0
Albania,,Albania__nan,2020-08-01,131.45778197401603,3107.9705485714285,2866376.0
Albania,,Albania__nan,2020-08-02,262.91556394803206,3095.68608,2866376.0
Albania,,Albania__nan,2020-08-03,262.91556394803206,3030.1689142857144,2866376.0
Albania,,Albania__nan,2020-08-04,394.37334592204803,3083.4016114285714,2866376.0
Andorra,,Andorra__nan,2020-08-01,0.09487878457599999,3.08024,77006.0
Andorra,,Andorra__nan,2020-08-02,0.37951513830399997,3.08024,77006.0
Andorra,,Andorra__nan,2020-08-03,0.37951513830399997,3.300257142857143,77006.0
Andorra,,Andorra__nan,2020-08-04,0.28463635372799995,3.5202742857142852,77006.0
United Arab Emirates,,United Arab Emirates__nan,2020-08-01,1484.0859401548962,30241.21126,9630959.0
United Arab Emirates,,United Arab Emirates__nan,2020-08-02,2968.1718803097924,28700.25782,9630959.0
United Arab Emirates,,United Arab Emirates__nan,2020-08-03,2968.1718803097924,27324.406534285714,9630959.0
United Arab Emirates,,United Arab Emirates__nan,2020-08-04,4452.257820464688,24847.87422,9630959.0
Argentina,,Argentina__nan,2020-08-01,31676.171331648067,2428700.609882857,44494502.0
Argentina,,Argentina__nan,2020-08-02,63352.342663296135,2503959.8818371426,44494502.0
Argentina,,Argentina__nan,2020-08-03,63352.342663296135,2499764.6859342856,44494502.0
Argentina,,Argentina__nan,2020-08-04,95028.5139949442,2553984.4148,44494502.0
Australia,,Australia__nan,2020-08-01,9993.896131714577,124676.21792571426,24992369.0
Australia,,Australia__nan,2020-08-02,19987.792263429154,120784.54903857144,24992369.0
Australia,,Australia__nan,2020-08-03,19987.792263429154,122355.49794714285,24992369.0
Australia,,Australia__nan,2020-08-04,29981.68839514373,137922.1734957143,24992369.0
Austria,,Austria__nan,2020-08-01,1252.321018869904,11046.157625714286,8847037.0
Austria,,Austria__nan,2020-08-02,2504.642037739808,10515.335405714286,8847037.0
Austria,,Austria__nan,2020-08-03,2504.642037739808,10452.142284285714,8847037.0
Austria,,Austria__nan,2020-08-04,3756.9630566097126,10161.453925714286,8847037.0
Azerbaijan,,Azerbaijan__nan,2020-08-01,1581.600085880896,35849.215737142855,9942334.0
Azerbaijan,,Azerbaijan__nan,2020-08-02,3163.200171761792,33988.57894571428,9942334.0
Azerbaijan,,Azerbaijan__nan,2020-08-03,3163.200171761792,31787.06213142857,9942334.0
Azerbaijan,,Azerbaijan__nan,2020-08-04,4744.800257642688,29145.241954285717,9942334.0
Burundi,,Burundi__nan,2020-08-01,1998.2251750861442,542.8040742857143,11175378.0
Burundi,,Burundi__nan,2020-08-02,3996.4503501722884,542.8040742857143,11175378.0
Burundi,,Burundi__nan,2020-08-03,3996.4503501722884,271.4020371428571,11175378.0
Burundi,,Burundi__nan,2020-08-04,5994.675525258433,271.4020371428571,11175378.0
Belgium,,Belgium__nan,2020-08-01,2087.4181983459844,59965.857,11422068.0
Belgium,,Belgium__nan,2020-08-02,4174.836396691969,62380.80852,11422068.0
Belgium,,Belgium__nan,2020-08-03,4174.836396691969,63408.79464,11422068.0
Belgium,,Belgium__nan,2020-08-04,6262.254595037952,65040.51864,11422068.0
Benin,,Benin__nan,2020-08-01,2110.501240996864,1821.2004685714287,11485048.0
Benin,,Benin__nan,2020-08-02,4221.002481993728,574.2524000000001,11485048.0
Benin,,Benin__nan,2020-08-03,4221.002481993728,574.2524000000001,11485048.0
Benin,,Benin__nan,2020-08-04,6331.503722990593,2362.638445714286,11485048.0
Burkina Faso,,Burkina Faso__nan,2020-08-01,12483.9403153992,1608.3392785714286,19751535.0
Burkina Faso,,Burkina Faso__nan,2020-08-02,6241.9701576996,1608.3392785714286,19751535.0
Burkina Faso,,Burkina Faso__nan,2020-08-03,6241.9701576996,1410.8239285714285,19751535.0
Burkina Faso,,Burkina Faso__nan,2020-08-04,0.0,1354.3909714285717,19751535.0
Bangladesh,,Bangladesh__nan,2020-08-01,416572.3411483124,4306362.172282858,161356039.0
Bangladesh,,Bangladesh__nan,2020-08-02,833144.6822966248,3986185.68918143,161356039.0
Bangladesh,,Bangladesh__nan,2020-08-03,833144.6822966248,3659785.4731471427,161356039.0
Bangladesh,,Bangladesh__nan,2020-08-04,1249717.0234449373,3419595.483664286,161356039.0
Bulgaria,,Bulgaria__nan,2020-08-01,789.4337666344961,15292.72169142857,7024216.0
Bulgaria,,Bulgaria__nan,2020-08-02,1578.8675332689922,15332.860068571428,7024216.0
Bulgaria,,Bulgaria__nan,2020-08-03,1578.8675332689922,15433.20601142857,7024216.0
Bulgaria,,Bulgaria__nan,2020-08-04,2368.301299903488,15483.378982857144,7024216.0
Bahrain,,Bahrain__nan,2020-08-01,39.410220395536,5477.3421100000005,1569439.0
Bahrain,,Bahrain__nan,2020-08-02,157.640881582144,5392.143992857143,1569439.0
Bahrain,,Bahrain__nan,2020-08-03,157.640881582144,5275.557095714286,1569439.0
Bahrain,,Bahrain__nan,2020-08-04,118.230661186608,4957.185184285714,1569439.0
Bosnia and Herzegovina,,Bosnia and Herzegovina__nan,2020-08-01,176.776063952656,10014.523229999999,3323929.0
Bosnia and Herzegovina,,Bosnia and Herzegovina__nan,2020-08-02,353.552127905312,12008.88063,3323929.0
Bosnia and Herzegovina,,Bosnia and Herzegovina__nan,2020-08-03,353.552127905312,9325.995079999999,3323929.0
Bosnia and Herzegovina,,Bosnia and Herzegovina__nan,2020-08-04,530.328191857968,9924.3023,3323929.0
Belarus,,Belarus__nan,2020-08-01,1439.5607611039359,12791.72054857143,9485386.0
Belarus,,Belarus__nan,2020-08-02,2879.1215222078717,12669.765585714287,9485386.0
Belarus,,Belarus__nan,2020-08-03,2879.1215222078717,12398.754557142858,9485386.0
Belarus,,Belarus__nan,2020-08-04,4318.682283311808,11978.687462857142,9485386.0
Belize,,Belize__nan,2020-08-01,2.3478942566559997,4.377954285714285,383071.0
Belize,,Belize__nan,2020-08-02,4.695788513311999,4.925198571428572,383071.0
Belize,,Belize__nan,2020-08-03,4.695788513311999,4.925198571428572,383071.0
Belize,,Belize__nan,2020-08-04,7.043682769968,4.925198571428572,383071.0
Bermuda,,Bermuda__nan,2020-08-01,0.19641144115200002,0.2741485714285714,63968.0
Bermuda,,Bermuda__nan,2020-08-02,0.130940960768,0.36553142857142856,63968.0
Bermuda,,Bermuda__nan,2020-08-03,0.261881921536,0.2741485714285714,63968.0
Bermuda,,Bermuda__nan,2020-08-04,0.19641144115200002,0.09138285714285714,63968.0
Bolivia,,Bolivia__nan,2020-08-01,2062.3013323546243,170491.75529142856,11353142.0
Bolivia,,Bolivia__nan,2020-08-02,4124.6026647092485,173930.13543999998,11353142.0
Bolivia,,Bolivia__nan,2020-08-03,4124.6026647092485,172973.2277571429,11353142.0
Bolivia,,Bolivia__nan,2020-08-04,6186.903997063872,178957.95546857142,11353142.0
Brazil,,Brazil__nan,2020-08-01,702038.4234794383,93771640.0945886,209469333.0
Brazil,,Brazil__nan,2020-08-02,1404076.8469588766,94137313.70162572,209469333.0
Brazil,,Brazil__nan,2020-08-03,1415708.5205316085,92149449.73145573,209469333.0
Brazil,,Brazil__nan,2020-08-04,2106115.270438315,95377372.15298572,209469333.0
Barbados,,Barbados__nan,2020-08-01,1.3146090060960003,5.73282,286641.0
Barbados,,Barbados__nan,2020-08-02,2.6292180121920006,9.008717142857144,286641.0
Barbados,,Barbados__nan,2020-08-03,2.6292180121920006,9.008717142857144,286641.0
Barbados,,Barbados__nan,2020-08-04,3.9438270182880006,9.008717142857144,286641.0
Brunei,,Brunei__nan,2020-08-01,5.888268718208002,0.0,428962.0
Brunei,,Brunei__nan,2020-08-02,2.944134359104001,0.0,428962.0
Brunei,,Brunei__nan,2020-08-03,0.0,0.0,428962.0
Brunei,,Brunei__nan,2020-08-04,0.0,0.0,428962.0
Bhutan,,Bhutan__nan,2020-08-01,18.211529831552003,10.777057142857144,754394.0
Bhutan,,Bhutan__nan,2020-08-02,18.211529831552003,7.54394,754394.0
Bhutan,,Bhutan__nan,2020-08-03,36.423059663104006,4.310822857142857,754394.0
Bhutan,,Bhutan__nan,2020-08-04,45.528824578880005,6.466234285714285,754394.0
Botswana,,Botswana__nan,2020-08-01,81.297344382016,379.98124,2254126.0
Botswana,,Botswana__nan,2020-08-02,162.594688764032,379.98124,2254126.0
Botswana,,Botswana__nan,2020-08-03,162.594688764032,209.31170000000003,2254126.0
Botswana,,Botswana__nan,2020-08-04,243.89203314604802,209.31170000000003,2254126.0
Central African Republic,,Central African Republic__nan,2020-08-01,348.401188898064,106.6600457142857,4666377.0
Central African Republic,,Central African Republic__nan,2020-08-02,696.802377796128,99.99379285714285,4666377.0
Central African Republic,,Central African Republic__nan,2020-08-03,696.802377796128,99.99379285714285,4666377.0
Central African Republic,,Central African Republic__nan,2020-08-04,1045.2035666941917,126.6588042857143,4666377.0
Canada,,Canada__nan,2020-08-01,21973.740928459774,161629.55338285715,37058856.0
Canada,,Canada__nan,2020-08-02,43947.48185691955,157711.90289142856,37058856.0
Canada,,Canada__nan,2020-08-03,43947.48185691955,132458.93958857143,37058856.0
Canada,,Canada__nan,2020-08-04,65921.22278537933,147600.12932571428,37058856.0
Switzerland,,Switzerland__nan,2020-08-01,1160.504074733584,13504.8039,8516543.0
Switzerland,,Switzerland__nan,2020-08-02,2321.008149467168,13845.46562,8516543.0
Switzerland,,Switzerland__nan,2020-08-03,2321.008149467168,13857.63211,8516543.0
Switzerland,,Switzerland__nan,2020-08-04,3481.512224200753,13833.29913,8516543.0
Chile,,Chile__nan,2020-08-01,5612.5029488896,376349.0922285714,18729160.0
Chile,,Chile__nan,2020-08-02,11225.0058977792,373004.5993714286,18729160.0
Chile,,Chile__nan,2020-08-03,11225.0058977792,363078.1445714286,18729160.0
Chile,,Chile__nan,2020-08-04,16837.5088466688,352161.7198857143,18729160.0
China,,China__nan,2020-08-01,35323950.73612457,1104235.9285714286,1392730000.0
China,,China__nan,2020-08-02,31035149.646399997,1068422.8714285712,1392730000.0
China,,China__nan,2020-08-03,31035149.646399997,1004755.2142857142,1392730000.0
China,,China__nan,2020-08-04,0.0,857523.7571428571,1392730000.0
Cote d'Ivoire,,Cote d'Ivoire__nan,2020-08-01,10055.459882471057,22025.10833571429,25069229.0
Cote d'Ivoire,,Cote d'Ivoire__nan,2020-08-02,20110.919764942115,20986.52599142857,25069229.0
Cote d'Ivoire,,Cote d'Ivoire__nan,2020-08-03,20110.919764942115,20234.44912142857,25069229.0
Cote d'Ivoire,,Cote d'Ivoire__nan,2020-08-04,30166.379647413167,20771.646885714286,25069229.0
Cameroon,,Cameroon__nan,2020-08-01,10173.737735042705,19704.688055714287,25216237.0
Cameroon,,Cameroon__nan,2020-08-02,20347.47547008541,19704.688055714287,25216237.0
Cameroon,,Cameroon__nan,2020-08-03,20347.47547008541,5223.363378571429,25216237.0
Cameroon,,Cameroon__nan,2020-08-04,30521.213205128115,19416.50249,25216237.0
Democratic Republic of Congo,,Democratic Republic of Congo__nan,2020-08-01,113079.1027901485,33987.52821857143,84068091.0
Democratic Republic of Congo,,Democratic Republic of Congo__nan,2020-08-02,226158.205580297,34107.625491428575,84068091.0
Democratic Republic of Congo,,Democratic Republic of Congo__nan,2020-08-03,226158.205580297,34708.11185571428,84068091.0
Democratic Republic of Congo,,Democratic Republic of Congo__nan,2020-08-04,339237.3083704455,36629.66822142857,84068091.0
Congo,,Congo__nan,2020-08-01,440.0534924123041,1213.6954371428574,5244363.0
Congo,,Congo__nan,2020-08-02,880.1069848246082,1213.6954371428574,5244363.0
Congo,,Congo__nan,2020-08-03,880.1069848246082,2592.2137114285715,5244363.0
Congo,,Congo__nan,2020-08-04,1320.1604772369121,2592.2137114285715,5244363.0
Colombia,,Colombia__nan,2020-08-01,39439.870755667594,4637612.739157143,49648685.0
Colombia,,Colombia__nan,2020-08-02,78879.74151133519,4870890.631964286,49648685.0
Colombia,,Colombia__nan,2020-08-03,78879.74151133519,5017992.59295,49648685.0
Colombia,,Colombia__nan,2020-08-04,118319.61226700281,4794218.876985714,49648685.0
Comoros,,Comoros__nan,2020-08-01,11.084158586944,54.695445714285704,832322.0
Comoros,,Comoros__nan,2020-08-02,22.168317173888,38.049005714285705,832322.0
Comoros,,Comoros__nan,2020-08-03,22.168317173888,38.049005714285705,832322.0
Comoros,,Comoros__nan,2020-08-04,33.252475760832006,40.42706857142856,832322.0
Cape Verde,,Cape Verde__nan,2020-08-01,4.730920804624,172.45182,543767.0
Cape Verde,,Cape Verde__nan,2020-08-02,14.192762413872,186.43439999999998,543767.0
Cape Verde,,Cape Verde__nan,2020-08-03,18.923683218496,198.08655000000002,543767.0
Cape Verde,,Cape Verde__nan,2020-08-04,14.192762413872,215.17637,543767.0
Costa Rica,,Costa Rica__nan,2020-08-01,399.910564999696,25618.564095714286,4999441.0
Costa Rica,,Costa Rica__nan,2020-08-02,799.821129999392,26754.15140857143,4999441.0
Costa Rica,,Costa Rica__nan,2020-08-03,799.821129999392,25432.87057285714,4999441.0
Costa Rica,,Costa Rica__nan,2020-08-04,1199.731694999088,24947.210590000002,4999441.0
Cuba,,Cuba__nan,2020-08-01,4113.7079458254075,2510.5877,11338138.0
Cuba,,Cuba__nan,2020-08-02,5125.740811702316,2445.7983400000003,11338138.0
Cuba,,Cuba__nan,2020-08-03,6170.561918738113,2235.23292,11338138.0
Cuba,,Cuba__nan,2020-08-04,0.0,2364.81164,11338138.0
Cyprus,,Cyprus__nan,2020-08-01,22.6296198436,120.62544999999999,1189265.0
Cyprus,,Cyprus__nan,2020-08-02,45.2592396872,158.00234999999998,1189265.0
Cyprus,,Cyprus__nan,2020-08-03,45.2592396872,161.40025000000003,1189265.0
Cyprus,,Cyprus__nan,2020-08-04,67.8888595308,191.98135,1189265.0
Czech Republic,,Czech Republic__nan,2020-08-01,1806.4863077283999,22572.012092857145,10625695.0
Czech Republic,,Czech Republic__nan,2020-08-02,3612.9726154567998,22405.036885714286,10625695.0
Czech Republic,,Czech Republic__nan,2020-08-03,3612.9726154567998,22647.909914285716,10625695.0
Czech Republic,,Czech Republic__nan,2020-08-04,5419.458923185201,22572.012092857145,10625695.0
Germany,,Germany__nan,2020-08-01,110032.64395580934,560000.41042,82927922.0
Germany,,Germany__nan,2020-08-02,220065.28791161868,539386.89838,82927922.0
Germany,,Germany__nan,2020-08-03,220065.28791161868,592223.8315399999,82927922.0
Germany,,Germany__nan,2020-08-04,330097.931867428,606676.9836600001,82927922.0
Djibouti,,Djibouti__nan,2020-08-01,14.7124410624,61.64485714285715,958920.0
Djibouti,,Djibouti__nan,2020-08-02,29.4248821248,152.05731428571428,958920.0
Djibouti,,Djibouti__nan,2020-08-03,29.4248821248,247.94931428571425,958920.0
Djibouti,,Djibouti__nan,2020-08-04,44.137323187199996,246.5794285714286,958920.0
Dominica,,Dominica__nan,2020-08-01,0.1641645,0.0,71625.0
Dominica,,Dominica__nan,2020-08-02,0.08208225,0.0,71625.0
Dominica,,Dominica__nan,2020-08-03,0.08208225,0.0,71625.0
Dominica,,Dominica__nan,2020-08-04,0.0,0.0,71625.0
Denmark,,Denmark__nan,2020-08-01,537.766081966656,2907.0050657142856,5797446.0
Denmark,,Denmark__nan,2020-08-02,1075.532163933312,2907.0050657142856,5797446.0
Denmark,,Denmark__nan,2020-08-03,1075.532163933312,3718.6475057142857,5797446.0
Denmark,,Denmark__nan,2020-08-04,1613.298245899968,4107.904594285715,5797446.0
Dominican Republic,,Dominican Republic__nan,2020-08-01,1806.9861749956,159695.92662142857,10627165.0
Dominican Republic,,Dominican Republic__nan,2020-08-02,5420.9585249868,141720.83610714285,10627165.0
Dominican Republic,,Dominican Republic__nan,2020-08-03,5420.9585249868,136042.89366428572,10627165.0
Dominican Republic,,Dominican Republic__nan,2020-08-04,5420.9585249868,145819.8854642857,10627165.0
Algeria,,Algeria__nan,2020-08-01,28531.84345292866,252526.00542,42228429.0
Algeria,,Algeria__nan,2020-08-02,57063.68690585732,247820.55190285714,42228429.0
Algeria,,Algeria__nan,2020-08-03,57063.68690585732,241244.9822442857,42228429.0
Algeria,,Algeria__nan,2020-08-04,85595.53035878598,234609.08625857142,42228429.0
Ecuador,,Ecuador__nan,2020-08-01,4670.004065655185,151220.96567428572,17084357.0
Ecuador,,Ecuador__nan,2020-08-02,9340.00813131037,135161.6700942857,17084357.0
Ecuador,,Ecuador__nan,2020-08-03,9340.00813131037,143508.5988,17084357.0
Ecuador,,Ecuador__nan,2020-08-04,14010.012196965554,138724.97884,17084357.0
Egypt,,Egypt__nan,2020-08-01,154995.26484358442,384273.83590714284,98423595.0
Egypt,,Egypt__nan,2020-08-02,309990.52968716883,340405.0335642856,98423595.0
Egypt,,Egypt__nan,2020-08-03,309990.52968716883,303425.88287142856,98423595.0
Egypt,,Egypt__nan,2020-08-04,464985.7945307533,253792.2699642857,98423595.0
Eritrea,,Eritrea__nan,2020-08-01,330.547712537088,73.46221714285713,3213972.0
Eritrea,,Eritrea__nan,2020-08-02,165.273856268544,73.46221714285713,3213972.0
Eritrea,,Eritrea__nan,2020-08-03,495.82156880563196,78.0536057142857,3213972.0
Eritrea,,Eritrea__nan,2020-08-04,329.9886763618643,78.0536057142857,3213972.0
Spain,,Spain__nan,2020-08-01,34929.739529840015,1074712.975212857,46723749.0
Spain,,Spain__nan,2020-08-02,69859.47905968003,1074712.975212857,46723749.0
Spain,,Spain__nan,2020-08-03,69859.47905968003,1219623.3453257142,46723749.0
Spain,,Spain__nan,2020-08-04,104789.21858952005,1482077.31828,46723749.0
Estonia,,Estonia__nan,2020-08-01,27.915752663296,73.59210857142857,1320884.0
Estonia,,Estonia__nan,2020-08-02,55.831505326592,84.91397142857143,1320884.0
Estonia,,Estonia__nan,2020-08-03,55.831505326592,86.80094857142858,1320884.0
Estonia,,Estonia__nan,2020-08-04,83.747257989888,100.00978857142857,1320884.0
Ethiopia,,Ethiopia__nan,2020-08-01,190880.06861991168,741322.6854414287,109224559.0
Ethiopia,,Ethiopia__nan,2020-08-02,381760.13723982335,739294.2293457143,109224559.0
Ethiopia,,Ethiopia__nan,2020-08-03,381760.13723982335,739918.3696828572,109224559.0
Ethiopia,,Ethiopia__nan,2020-08-04,572640.2058597351,729776.0892042856,109224559.0
Finland,,Finland__nan,2020-08-01,487.18201284,433.5610714285715,5518050.0
Finland,,Finland__nan,2020-08-02,974.36402568,472.9757142857143,5518050.0
Finland,,Finland__nan,2020-08-03,974.36402568,536.0391428571428,5518050.0
Finland,,Finland__nan,2020-08-04,974.36402568,622.7513571428572,5518050.0
Fiji,,Fiji__nan,2020-08-01,24.977350761248,0.0,883483.0
Fiji,,Fiji__nan,2020-08-02,12.488675380624,0.0,883483.0
Fiji,,Fiji__nan,2020-08-03,12.488675380624,0.0,883483.0
Fiji,,Fiji__nan,2020-08-04,0.0,0.0,883483.0
France,,France__nan,2020-08-01,71796.65373944858,659345.8730857144,66987244.0
France,,France__nan,2020-08-02,143593.30747889716,659345.8730857144,66987244.0
France,,France__nan,2020-08-03,143593.30747889716,436278.35056571424,66987244.0
France,,France__nan,2020-08-04,215389.96121834576,688150.3880057143,66987244.0
Gabon,,Gabon__nan,2020-08-01,71.86122440999999,1656.0620357142857,2119275.0
Gabon,,Gabon__nan,2020-08-02,143.72244881999998,1656.0620357142857,2119275.0
Gabon,,Gabon__nan,2020-08-03,143.72244881999998,1383.5838214285716,2119275.0
Gabon,,Gabon__nan,2020-08-04,215.58367323000002,1383.5838214285716,2119275.0
United Kingdom,,United Kingdom__nan,2020-08-01,70732.57478716929,499712.25950142863,66488991.0
United Kingdom,,United Kingdom__nan,2020-08-02,141465.14957433857,499522.29095571424,66488991.0
United Kingdom,,United Kingdom__nan,2020-08-03,141465.14957433857,523553.31198857137,66488991.0
United Kingdom,,United Kingdom__nan,2020-08-04,212197.7243615079,535236.37755,66488991.0
United Kingdom,England,United Kingdom__England,2020-08-01,50140.166399999995,403855.7142857142,55980000.0
United Kingdom,England,United Kingdom__England,2020-08-02,100280.33279999999,403615.8,55980000.0
United Kingdom,England,United Kingdom__England,2020-08-03,100280.33279999999,414172.02857142856,55980000.0
United Kingdom,England,United Kingdom__England,2020-08-04,150420.4992,425208.0857142857,55980000.0
United Kingdom,Northern Ireland,United Kingdom__Northern Ireland,2020-08-01,56.310016000000005,187.60000000000002,1876000.0
United Kingdom,Northern Ireland,United Kingdom__Northern Ireland,2020-08-02,112.62003200000001,209.04000000000002,1876000.0
United Kingdom,Northern Ireland,United Kingdom__Northern Ireland,2020-08-03,112.62003200000001,225.12,1876000.0
United Kingdom,Northern Ireland,United Kingdom__Northern Ireland,2020-08-04,168.930048,238.52000000000004,1876000.0
United Kingdom,Scotland,United Kingdom__Scotland,2020-08-01,472.97550400000006,1095.1671428571428,5437000.0
United Kingdom,Scotland,United Kingdom__Scotland,2020-08-02,945.9510080000001,1188.372857142857,5437000.0
United Kingdom,Scotland,United Kingdom__Scotland,2020-08-03,945.9510080000001,1568.9628571428568,5437000.0
United Kingdom,Scotland,United Kingdom__Scotland,2020-08-04,945.9510080000001,1848.58,5437000.0
United Kingdom,Wales,United Kingdom__Wales,2020-08-01,156.450064,777.282857142857,3127000.0
United Kingdom,Wales,United Kingdom__Wales,2020-08-02,312.900128,683.472857142857,3127000.0
United Kingdom,Wales,United Kingdom__Wales,2020-08-03,312.900128,679.0057142857144,3127000.0
United Kingdom,Wales,United Kingdom__Wales,2020-08-04,469.350192,665.6042857142857,3127000.0
Georgia,,Georgia__nan,2020-08-01,222.725776,287.82,3731000.0
Georgia,,Georgia__nan,2020-08-02,445.451552,245.18,3731000.0
Georgia,,Georgia__nan,2020-08-03,445.451552,223.86,3731000.0
Georgia,,Georgia__nan,2020-08-04,668.177328,197.21,3731000.0
Ghana,,Ghana__nan,2020-08-01,14177.291498938626,219553.68372000003,29767108.0
Ghana,,Ghana__nan,2020-08-02,28354.582997877253,172011.3598,29767108.0
Ghana,,Ghana__nan,2020-08-03,28354.582997877253,178092.35472,29767108.0
Ghana,,Ghana__nan,2020-08-04,42531.87449681588,144838.24264,29767108.0
Guinea,,Guinea__nan,2020-08-01,2465.844662481984,6756.93594,12414318.0
Guinea,,Guinea__nan,2020-08-02,4931.689324963968,5480.034660000001,12414318.0
Guinea,,Guinea__nan,2020-08-03,4931.689324963968,5480.034660000001,12414318.0
Guinea,,Guinea__nan,2020-08-04,7397.533987445952,6437.710619999999,12414318.0
Gambia,,Gambia__nan,2020-08-01,83.18184208646402,719.8607742857142,2280102.0
Gambia,,Gambia__nan,2020-08-02,166.36368417292803,719.8607742857142,2280102.0
Gambia,,Gambia__nan,2020-08-03,166.36368417292803,560.2536342857143,2280102.0
Gambia,,Gambia__nan,2020-08-04,249.54552625939203,1123.7645571428573,2280102.0
Greece,,Greece__nan,2020-08-01,1841.3257714915842,6451.926039999999,10727668.0
Greece,,Greece__nan,2020-08-02,3682.6515429831684,7187.53756,10727668.0
Greece,,Greece__nan,2020-08-03,3682.6515429831684,7815.8724,10727668.0
Greece,,Greece__nan,2020-08-04,5523.977314474752,8827.338240000001,10727668.0
Greenland,,Greenland__nan,2020-08-01,0.15066243,0.08003571428571428,56025.0
Greenland,,Greenland__nan,2020-08-02,0.10044162,0.08003571428571428,56025.0
Greenland,,Greenland__nan,2020-08-03,0.20088324,0.0,56025.0
Greenland,,Greenland__nan,2020-08-04,0.15066243,0.0,56025.0
Guatemala,,Guatemala__nan,2020-08-01,4759.789540947984,159837.89144142854,17247807.0
Guatemala,,Guatemala__nan,2020-08-02,9519.579081895969,154072.19595857142,17247807.0
Guatemala,,Guatemala__nan,2020-08-03,9519.579081895969,153579.40147285713,17247807.0
Guatemala,,Guatemala__nan,2020-08-04,14279.368622843953,145719.3294257143,17247807.0
Guam,,Guam__nan,2020-08-01,0.439664477184,4.499417142857143,165768.0
Guam,,Guam__nan,2020-08-02,1.758657908736,7.341154285714286,165768.0
Guam,,Guam__nan,2020-08-03,1.758657908736,6.1570971428571415,165768.0
Guam,,Guam__nan,2020-08-04,1.3189934315519998,8.998834285714286,165768.0
Guyana,,Guyana__nan,2020-08-01,9.709555712256002,77.9004,779004.0
Guyana,,Guyana__nan,2020-08-02,19.419111424512003,115.73773714285716,779004.0
Guyana,,Guyana__nan,2020-08-03,19.419111424512003,94.59334285714286,779004.0
Guyana,,Guyana__nan,2020-08-04,29.12866713676801,112.39914857142857,779004.0
Hong Kong,,Hong Kong__nan,2020-08-01,888.278416,9484.058571428572,7451000.0
Hong Kong,,Hong Kong__nan,2020-08-02,1776.556832,9345.682857142858,7451000.0
Hong Kong,,Hong Kong__nan,2020-08-03,1776.556832,8632.515714285715,7451000.0
Hong Kong,,Hong Kong__nan,2020-08-04,2664.835248,8355.764285714286,7451000.0
Honduras,,Honduras__nan,2020-08-01,1470.729249607744,58168.865620000004,9587522.0
Honduras,,Honduras__nan,2020-08-02,2941.458499215488,53703.819659999994,9587522.0
Honduras,,Honduras__nan,2020-08-03,4412.187748823232,55511.75238,9587522.0
Honduras,,Honduras__nan,2020-08-04,4412.187748823232,52580.70994,9587522.0
Croatia,,Croatia__nan,2020-08-01,267.57107776,2523.744,4089400.0
Croatia,,Croatia__nan,2020-08-02,535.14215552,2354.326,4089400.0
Croatia,,Croatia__nan,2020-08-03,535.14215552,2412.746,4089400.0
Croatia,,Croatia__nan,2020-08-04,802.7132332799999,2307.59,4089400.0
Haiti,,Haiti__nan,2020-08-01,1979.600709231616,2717.2329942857145,11123176.0
Haiti,,Haiti__nan,2020-08-02,3959.201418463232,2431.208468571428,11123176.0
Haiti,,Haiti__nan,2020-08-03,3959.201418463232,2717.2329942857145,11123176.0
Haiti,,Haiti__nan,2020-08-04,5938.802127694848,2717.2329942857145,11123176.0
Hungary,,Hungary__nan,2020-08-01,1526.8665660196,1423.4515285714288,9768785.0
Hungary,,Hungary__nan,2020-08-02,3053.7331320392,1395.540714285714,9768785.0
Hungary,,Hungary__nan,2020-08-03,3053.7331320392,1339.7190857142857,9768785.0
Hungary,,Hungary__nan,2020-08-04,4580.5996980588,1353.674492857143,9768785.0
Indonesia,,Indonesia__nan,2020-08-01,1146299.4309759873,4837060.646785714,267663435.0
Indonesia,,Indonesia__nan,2020-08-02,2292598.8619519747,4847384.8078499995,267663435.0
Indonesia,,Indonesia__nan,2020-08-03,2292598.8619519747,4906270.763549999,267663435.0
Indonesia,,Indonesia__nan,2020-08-04,3438898.2929279627,4972804.245964286,267663435.0
India,,India__nan,2020-08-01,29273178.176093757,705463364.3498057,1352617328.0
India,,India__nan,2020-08-02,58546356.352187514,711242904.9613028,1352617328.0
India,,India__nan,2020-08-03,58546356.352187514,725914938.3491657,1352617328.0
India,,India__nan,2020-08-04,87819534.52828127,727679137.8069715,1352617328.0
Ireland,,Ireland__nan,2020-08-01,376.904327872576,1664.0592,4853506.0
Ireland,,Ireland__nan,2020-08-02,753.808655745152,1948.3359800000003,4853506.0
Ireland,,Ireland__nan,2020-08-03,753.808655745152,2191.0112799999997,4853506.0
Ireland,,Ireland__nan,2020-08-04,1130.7129836177282,2246.47992,4853506.0
Iran,,Iran__nan,2020-08-01,143133.1210112097,2093268.88371,81800269.0
Iran,,Iran__nan,2020-08-02,220230.1674133601,2134402.7332642856,81800269.0
Iran,,Iran__nan,2020-08-03,428242.1765422311,2153567.3677157145,81800269.0
Iran,,Iran__nan,2020-08-04,321181.6324066733,2163383.3999957144,81800269.0
Iraq,,Iraq__nan,2020-08-01,23634.26574336,1050390.288,38433600.0
Iraq,,Iraq__nan,2020-08-02,47268.53148672,1049731.4262857144,38433600.0
Iraq,,Iraq__nan,2020-08-03,47268.53148672,1059724.1622857144,38433600.0
Iraq,,Iraq__nan,2020-08-04,70902.79723008,1064610.72,38433600.0
Iceland,,Iceland__nan,2020-08-01,2.000233175616,25.255285714285712,353574.0
Iceland,,Iceland__nan,2020-08-02,4.000466351232,30.30634285714286,353574.0
Iceland,,Iceland__nan,2020-08-03,4.000466351232,30.81144857142857,353574.0
Iceland,,Iceland__nan,2020-08-04,6.000699526848,30.81144857142857,353574.0
Israel,,Israel__nan,2020-08-01,1262.75043904,146455.7885714286,8883800.0
Israel,,Israel__nan,2020-08-02,2525.50087808,137813.12028571428,8883800.0
Israel,,Israel__nan,2020-08-03,2525.50087808,132558.98714285714,8883800.0
Israel,,Israel__nan,2020-08-04,3788.25131712,125705.76999999999,8883800.0
Italy,,Italy__nan,2020-08-01,58431.03944041743,169898.23563428572,60431283.0
Italy,,Italy__nan,2020-08-02,116862.07888083486,168516.94916571426,60431283.0
Italy,,Italy__nan,2020-08-03,116862.07888083486,167739.97552714284,60431283.0
Italy,,Italy__nan,2020-08-04,175293.1183212523,166704.01067571426,60431283.0
Jamaica,,Jamaica__nan,2020-08-01,137.8139819364,192.8619,2934855.0
Jamaica,,Jamaica__nan,2020-08-02,275.6279638728,218.0178,2934855.0
Jamaica,,Jamaica__nan,2020-08-03,275.6279638728,218.0178,2934855.0
Jamaica,,Jamaica__nan,2020-08-04,413.4419458092,272.52225000000004,2934855.0
Jordan,,Jordan__nan,2020-08-01,3171.908961027872,768.0351342857142,9956011.0
Jordan,,Jordan__nan,2020-08-02,1585.954480513936,640.0292785714286,9956011.0
Jordan,,Jordan__nan,2020-08-03,1585.954480513936,597.3606599999999,9956011.0
Jordan,,Jordan__nan,2020-08-04,0.0,597.3606599999999,9956011.0
Japan,,Japan__nan,2020-08-01,256153.81034896,1467737.5599999998,126529100.0
Japan,,Japan__nan,2020-08-02,512307.62069792,1548716.184,126529100.0
Japan,,Japan__nan,2020-08-03,512307.62069792,1619030.2124285714,126529100.0
Japan,,Japan__nan,2020-08-04,768461.43104688,1668557.3172857142,126529100.0
Kazakhstan,,Kazakhstan__nan,2020-08-01,5344.486651152017,225766.98121857143,18276499.0
Kazakhstan,,Kazakhstan__nan,2020-08-02,10688.973302304033,356443.9490685715,18276499.0
Kazakhstan,,Kazakhstan__nan,2020-08-03,10688.973302304033,365347.21501000004,18276499.0
Kazakhstan,,Kazakhstan__nan,2020-08-04,16033.459953456051,362475.1937385715,18276499.0
Kenya,,Kenya__nan,2020-08-01,42259.8636297616,346535.72457142855,51393010.0
Kenya,,Kenya__nan,2020-08-02,84519.7272595232,326712.7064285715,51393010.0
Kenya,,Kenya__nan,2020-08-03,84519.7272595232,339340.7031714286,51393010.0
Kenya,,Kenya__nan,2020-08-04,126779.5908892848,339267.2845857143,51393010.0
Kyrgyz Republic,,Kyrgyz Republic__nan,2020-08-01,638.22927424,37669.235714285714,6315800.0
Kyrgyz Republic,,Kyrgyz Republic__nan,2020-08-02,1914.6878227200002,35242.164000000004,6315800.0
Kyrgyz Republic,,Kyrgyz Republic__nan,2020-08-03,2552.91709696,34583.516285714286,6315800.0
Kyrgyz Republic,,Kyrgyz Republic__nan,2020-08-04,1914.6878227200002,33356.44657142857,6315800.0
Cambodia,,Cambodia__nan,2020-08-01,4224.894960652865,348.20995714285715,16249798.0
Cambodia,,Cambodia__nan,2020-08-02,8449.78992130573,348.20995714285715,16249798.0
Cambodia,,Cambodia__nan,2020-08-03,8449.78992130573,324.99596,16249798.0
Cambodia,,Cambodia__nan,2020-08-04,12674.684881958594,394.63795142857145,16249798.0
South Korea,,South Korea__nan,2020-08-01,42659.19459496858,15933.164708571428,51635256.0
South Korea,,South Korea__nan,2020-08-02,85318.38918993717,15785.635405714285,51635256.0
South Korea,,South Korea__nan,2020-08-03,85318.38918993717,16228.223314285717,51635256.0
South Korea,,South Korea__nan,2020-08-04,85318.38918993717,15121.753542857143,51635256.0
Kuwait,,Kuwait__nan,2020-08-01,547.754424367392,24463.31707285714,4137309.0
Kuwait,,Kuwait__nan,2020-08-02,821.631636551088,24457.40663142857,4137309.0
Kuwait,,Kuwait__nan,2020-08-03,1095.508848734784,23168.930399999997,4137309.0
Kuwait,,Kuwait__nan,2020-08-04,821.631636551088,21425.35017857143,4137309.0
Laos,,Laos__nan,2020-08-01,1380.6790002822568,0.0,7061507.0
Laos,,Laos__nan,2020-08-02,1595.676195553568,0.0,7061507.0
Laos,,Laos__nan,2020-08-03,1595.676195553568,0.0,7061507.0
Laos,,Laos__nan,2020-08-04,1595.676195553568,0.0,7061507.0
Lebanon,,Lebanon__nan,2020-08-01,750.52437849,11232.237,6848925.0
Lebanon,,Lebanon__nan,2020-08-02,1501.04875698,11105.042678571428,6848925.0
Lebanon,,Lebanon__nan,2020-08-03,1501.04875698,11545.330714285716,6848925.0
Lebanon,,Lebanon__nan,2020-08-04,2251.5731354699997,10165.761535714284,6848925.0
Liberia,,Liberia__nan,2020-08-01,371.56062922446404,234.06459714285714,4818977.0
Liberia,,Liberia__nan,2020-08-02,743.1212584489281,309.7913785714286,4818977.0
Liberia,,Liberia__nan,2020-08-03,743.1212584489281,323.55988428571425,4818977.0
Liberia,,Liberia__nan,2020-08-04,1114.681887673392,268.4858614285714,4818977.0
Libya,,Libya__nan,2020-08-01,713.6521147758241,10914.686639999998,6678567.0
Libya,,Libya__nan,2020-08-02,1427.3042295516482,11143.666079999999,6678567.0
Libya,,Libya__nan,2020-08-03,1427.3042295516482,11792.441160000002,6678567.0
Libya,,Libya__nan,2020-08-04,2140.956344327472,11515.757669999997,6678567.0
Sri Lanka,,Sri Lanka__nan,2020-08-01,7513.4224,1393.0714285714284,21670000.0
Sri Lanka,,Sri Lanka__nan,2020-08-02,15026.8448,1269.2428571428572,21670000.0
Sri Lanka,,Sri Lanka__nan,2020-08-03,15026.8448,712.0142857142856,21670000.0
Sri Lanka,,Sri Lanka__nan,2020-08-04,22540.2672,742.9714285714285,21670000.0
Lesotho,,Lesotho__nan,2020-08-01,71.107528470784,852.2876514285715,2108132.0
Lesotho,,Lesotho__nan,2020-08-02,142.215056941568,641.4744514285716,2108132.0
Lesotho,,Lesotho__nan,2020-08-03,142.215056941568,641.4744514285716,2108132.0
Lesotho,,Lesotho__nan,2020-08-04,213.32258541235203,665.5673885714285,2108132.0
Lithuania,,Lithuania__nan,2020-08-01,124.50390972942401,366.62433714285714,2789533.0
Lithuania,,Lithuania__nan,2020-08-02,249.00781945884802,406.47480857142864,2789533.0
Lithuania,,Lithuania__nan,2020-08-03,249.00781945884802,402.4897614285714,2789533.0
Lithuania,,Lithuania__nan,2020-08-04,373.511729188272,438.35518571428577,2789533.0
Luxembourg,,Luxembourg__nan,2020-08-01,5.909333151744,524.3824457142858,607728.0
Luxembourg,,Luxembourg__nan,2020-08-02,11.818666303488,506.15060571428575,607728.0
Luxembourg,,Luxembourg__nan,2020-08-03,11.818666303488,471.4232914285714,607728.0
Luxembourg,,Luxembourg__nan,2020-08-04,17.727999455232002,470.5551085714286,607728.0
Latvia,,Latvia__nan,2020-08-01,59.385025244224,88.07049142857142,1926542.0
Latvia,,Latvia__nan,2020-08-02,118.770050488448,66.05286857142856,1926542.0
Latvia,,Latvia__nan,2020-08-03,118.770050488448,74.30947714285713,1926542.0
Latvia,,Latvia__nan,2020-08-04,178.15507573267197,79.81388285714286,1926542.0
Macao,,Macao__nan,2020-08-01,0.4122611301026297,0.0,631636.0
Macao,,Macao__nan,2020-08-02,6.3834245839360015,0.0,631636.0
Macao,,Macao__nan,2020-08-03,28.52917599042071,0.0,631636.0
Macao,,Macao__nan,2020-08-04,6.3834245839360015,0.0,631636.0
Morocco,,Morocco__nan,2020-08-01,20769.580560368708,276394.9586571428,36029138.0
Morocco,,Morocco__nan,2020-08-02,41539.161120737415,270681.7667742857,36029138.0
Morocco,,Morocco__nan,2020-08-03,41539.161120737415,273255.2766314285,36029138.0
Morocco,,Morocco__nan,2020-08-04,62308.74168110612,300071.24934285716,36029138.0
Moldova,,Moldova__nan,2020-08-01,201.172579995024,11574.775221428572,3545883.0
Moldova,,Moldova__nan,2020-08-02,804.690319980096,11792.593748571428,3545883.0
Moldova,,Moldova__nan,2020-08-03,804.690319980096,11792.593748571428,3545883.0
Moldova,,Moldova__nan,2020-08-04,603.5177399850721,11615.299598571428,3545883.0
Madagascar,,Madagascar__nan,2020-08-01,11035.391567478784,90305.02825142855,26262368.0
Madagascar,,Madagascar__nan,2020-08-02,22070.783134957568,83776.95392,26262368.0
Madagascar,,Madagascar__nan,2020-08-03,22070.783134957568,73909.80708571429,26262368.0
Madagascar,,Madagascar__nan,2020-08-04,33106.17470243635,67194.14441142857,26262368.0
Mexico,,Mexico__nan,2020-08-01,254785.8396169751,8861657.951022858,126190788.0
Mexico,,Mexico__nan,2020-08-02,509571.6792339502,8748627.059485715,126190788.0
Mexico,,Mexico__nan,2020-08-03,509571.6792339502,8711490.913302857,126190788.0
Mexico,,Mexico__nan,2020-08-04,764357.5188509254,8520402.00576,126190788.0
Mali,,Mali__nan,2020-08-01,11646.664183555202,872.1229714285714,19077690.0
Mali,,Mali__nan,2020-08-02,5823.332091777601,844.8691285714286,19077690.0
Mali,,Mali__nan,2020-08-03,5823.332091777601,817.6152857142857,19077690.0
Mali,,Mali__nan,2020-08-04,0.0,626.8383857142858,19077690.0
Myanmar,,Myanmar__nan,2020-08-01,92306.93419123281,383.6313928571428,53708395.0
Myanmar,,Myanmar__nan,2020-08-02,46153.467095616405,230.1788357142857,53708395.0
Myanmar,,Myanmar__nan,2020-08-03,46153.467095616405,383.6313928571428,53708395.0
Myanmar,,Myanmar__nan,2020-08-04,0.0,383.6313928571428,53708395.0
Mongolia,,Mongolia__nan,2020-08-01,160.803500212224,22.644342857142856,3170208.0
Mongolia,,Mongolia__nan,2020-08-02,160.803500212224,22.644342857142856,3170208.0
Mongolia,,Mongolia__nan,2020-08-03,160.803500212224,18.115474285714285,3170208.0
Mongolia,,Mongolia__nan,2020-08-04,160.803500212224,9.057737142857142,3170208.0
Mozambique,,Mozambique__nan,2020-08-01,13920.188388887103,12261.892774285712,29495962.0
Mozambique,,Mozambique__nan,2020-08-02,27840.376777774207,11671.973534285713,29495962.0
Mozambique,,Mozambique__nan,2020-08-03,27840.376777774207,11461.288091428569,29495962.0
Mozambique,,Mozambique__nan,2020-08-04,41760.56516666131,13020.36036857143,29495962.0
Mauritania,,Mauritania__nan,2020-08-01,310.227491452176,1056.79656,4403319.0
Mauritania,,Mauritania__nan,2020-08-02,620.454982904352,956.1492685714286,4403319.0
Mauritania,,Mauritania__nan,2020-08-03,620.454982904352,1094.539294285714,4403319.0
Mauritania,,Mauritania__nan,2020-08-04,930.6824743565281,1063.0870157142858,4403319.0
Mauritius,,Mauritius__nan,2020-08-01,51.231733817888,0.0,1265303.0
Mauritius,,Mauritius__nan,2020-08-02,51.231733817888,0.0,1265303.0
Mauritius,,Mauritius__nan,2020-08-03,51.231733817888,0.0,1265303.0
Mauritius,,Mauritius__nan,2020-08-04,51.231733817888,0.0,1265303.0
Malawi,,Malawi__nan,2020-08-01,5266.878067027601,18998.64270714286,18143315.0
Malawi,,Malawi__nan,2020-08-02,10533.756134055202,15318.141664285715,18143315.0
Malawi,,Malawi__nan,2020-08-03,10533.756134055202,15758.76502857143,18143315.0
Malawi,,Malawi__nan,2020-08-04,15800.634201082801,16899.20197142857,18143315.0
Malaysia,,Malaysia__nan,2020-08-01,31809.653507271196,4549.124407142856,31528585.0
Malaysia,,Malaysia__nan,2020-08-02,15904.826753635598,4594.165242857143,31528585.0
Malaysia,,Malaysia__nan,2020-08-03,15904.826753635598,4368.961064285714,31528585.0
Malaysia,,Malaysia__nan,2020-08-04,0.0,2657.409307142857,31528585.0
Namibia,,Namibia__nan,2020-08-01,95.9032407204,1878.1613357142855,2448255.0
Namibia,,Namibia__nan,2020-08-02,191.8064814408,1815.206207142857,2448255.0
Namibia,,Namibia__nan,2020-08-03,191.8064814408,1969.0965214285714,2448255.0
Namibia,,Namibia__nan,2020-08-04,287.70972216120003,1934.12145,2448255.0
Niger,,Niger__nan,2020-08-01,8058.9746388912645,512.9816685714286,22442948.0
Niger,,Niger__nan,2020-08-02,16117.949277782529,480.9203142857143,22442948.0
Niger,,Niger__nan,2020-08-03,16117.949277782529,641.2270857142856,22442948.0
Niger,,Niger__nan,2020-08-04,24176.923916673797,641.2270857142856,22442948.0
Nigeria,,Nigeria__nan,2020-08-01,613870.6203210816,996162.9634285714,195874740.0
Nigeria,,Nigeria__nan,2020-08-02,1227741.2406421632,925927.8780857142,195874740.0
Nigeria,,Nigeria__nan,2020-08-03,1227741.2406421632,825192.2975142858,195874740.0
Nigeria,,Nigeria__nan,2020-08-04,1841611.8609632447,735649.5592285714,195874740.0
Nicaragua,,Nicaragua__nan,2020-08-01,668.845733650704,2152.092184285714,6465513.0
Nicaragua,,Nicaragua__nan,2020-08-02,1337.691467301408,2152.092184285714,6465513.0
Nicaragua,,Nicaragua__nan,2020-08-03,1337.691467301408,2152.092184285714,6465513.0
Nicaragua,,Nicaragua__nan,2020-08-04,2006.5372009521122,2124.382842857143,6465513.0
Netherlands,,Netherlands__nan,2020-08-01,4750.527149668625,49231.47714285715,17231017.0
Netherlands,,Netherlands__nan,2020-08-02,9501.05429933725,51520.74083,17231017.0
Netherlands,,Netherlands__nan,2020-08-03,9501.05429933725,57083.89774714286,17231017.0
Netherlands,,Netherlands__nan,2020-08-04,14251.581449005875,63533.22125285713,17231017.0
Norway,,Norway__nan,2020-08-01,451.874673934336,1078.051017142857,5314336.0
Norway,,Norway__nan,2020-08-02,903.749347868672,1146.3781942857145,5314336.0
Norway,,Norway__nan,2020-08-03,903.749347868672,1533.5655314285714,5314336.0
Norway,,Norway__nan,2020-08-04,903.749347868672,1609.4846171428571,5314336.0
Nepal,,Nepal__nan,2020-08-01,12622.855957002257,64321.224590000005,28087871.0
Nepal,,Nepal__nan,2020-08-02,25245.711914004514,68975.78607,28087871.0
Nepal,,Nepal__nan,2020-08-03,25245.711914004514,80170.80894,28087871.0
Nepal,,Nepal__nan,2020-08-04,37868.567871006766,78084.28138,28087871.0
New Zealand,,New Zealand__nan,2020-08-01,763.779528,62.81357142857143,4885500.0
New Zealand,,New Zealand__nan,2020-08-02,763.779528,76.77214285714285,4885500.0
New Zealand,,New Zealand__nan,2020-08-03,763.779528,69.79285714285714,4885500.0
New Zealand,,New Zealand__nan,2020-08-04,763.779528,69.79285714285714,4885500.0
Oman,,Oman__nan,2020-08-01,373.182496756624,29673.723404285713,4829483.0
Oman,,Oman__nan,2020-08-02,746.364993513248,21760.270545714284,4829483.0
Oman,,Oman__nan,2020-08-03,746.364993513248,14495.348261428571,4829483.0
Oman,,Oman__nan,2020-08-04,1119.5474902698722,8658.573092857143,4829483.0
Pakistan,,Pakistan__nan,2020-08-01,720563.5033264144,1574029.1939428572,212215030.0
Pakistan,,Pakistan__nan,2020-08-02,1441127.0066528288,1996640.267971428,212215030.0
Pakistan,,Pakistan__nan,2020-08-03,1441127.0066528288,1871130.235942857,212215030.0
Pakistan,,Pakistan__nan,2020-08-04,2161690.509979243,1587368.4244,212215030.0
Panama,,Panama__nan,2020-08-01,279.140288930064,44865.58298142857,4176873.0
Panama,,Panama__nan,2020-08-02,558.280577860128,42705.542944285706,4176873.0
Panama,,Panama__nan,2020-08-03,558.280577860128,41852.267459999995,4176873.0
Panama,,Panama__nan,2020-08-04,837.420866790192,42968.08924714286,4176873.0
Peru,,Peru__nan,2020-08-01,16372.999990936576,1440933.1870514287,31989256.0
Peru,,Peru__nan,2020-08-02,32745.999981873152,2416971.0865485715,31989256.0
Peru,,Peru__nan,2020-08-03,32745.999981873152,1982556.9900685714,31989256.0
Peru,,Peru__nan,2020-08-04,49118.99997280973,2051196.793657143,31989256.0
Philippines,,Philippines__nan,2020-08-01,181994.11946070535,3019772.991485714,106651922.0
Philippines,,Philippines__nan,2020-08-02,363988.2389214107,3464206.786448571,106651922.0
Philippines,,Philippines__nan,2020-08-03,363988.2389214107,3700821.6933999998,106651922.0
Philippines,,Philippines__nan,2020-08-04,545982.3583821161,4406247.9774857145,106651922.0
Papua New Guinea,,Papua New Guinea__nan,2020-08-01,2370.1976029393923,639.3263314285714,8606316.0
Papua New Guinea,,Papua New Guinea__nan,2020-08-02,1185.0988014696961,590.1473828571429,8606316.0
Papua New Guinea,,Papua New Guinea__nan,2020-08-03,1185.0988014696961,602.4421199999999,8606316.0
Papua New Guinea,,Papua New Guinea__nan,2020-08-04,0.0,627.0315942857143,8606316.0
Poland,,Poland__nan,2020-08-01,23077.921731012866,202045.87536,37978548.0
Poland,,Poland__nan,2020-08-02,46155.84346202573,207742.65756,37978548.0
Poland,,Poland__nan,2020-08-03,46155.84346202573,220655.36388,37978548.0
Poland,,Poland__nan,2020-08-04,69233.76519303859,230312.7660857143,37978548.0
Puerto Rico,,Puerto Rico__nan,2020-08-01,163.34404309454405,6851.320932857144,3195153.0
Puerto Rico,,Puerto Rico__nan,2020-08-02,326.6880861890881,7298.642352857144,3195153.0
Puerto Rico,,Puerto Rico__nan,2020-08-03,326.6880861890881,7745.963772857144,3195153.0
Puerto Rico,,Puerto Rico__nan,2020-08-04,490.03212928363206,8343.913834285715,3195153.0
Portugal,,Portugal__nan,2020-08-01,1691.4340771943043,19902.553585714286,10281762.0
Portugal,,Portugal__nan,2020-08-02,3382.8681543886087,19080.012625714284,10281762.0
Portugal,,Portugal__nan,2020-08-03,3382.8681543886087,18654.053914285716,10281762.0
Portugal,,Portugal__nan,2020-08-04,5074.302231582912,18668.742145714285,10281762.0
Paraguay,,Paraguay__nan,2020-08-01,774.1907801126561,11497.391638571427,6956071.0
Paraguay,,Paraguay__nan,2020-08-02,1548.3815602253121,11924.693142857142,6956071.0
Paraguay,,Paraguay__nan,2020-08-03,1548.3815602253121,11686.19928,6956071.0
Paraguay,,Paraguay__nan,2020-08-04,2322.572340337968,11706.073768571428,6956071.0
Palestine,,Palestine__nan,2020-08-01,1002.0746886513119,12101.553282857141,4569087.0
Palestine,,Palestine__nan,2020-08-02,668.0497924342079,11931.844337142857,4569087.0
Palestine,,Palestine__nan,2020-08-03,1336.0995848684158,12532.352914285713,4569087.0
Palestine,,Palestine__nan,2020-08-04,1002.0746886513119,11957.953405714285,4569087.0
Qatar,,Qatar__nan,2020-08-01,123.80363091726402,7450.9205357142855,2781677.0
Qatar,,Qatar__nan,2020-08-02,247.60726183452803,7160.831362857144,2781677.0
Qatar,,Qatar__nan,2020-08-03,247.60726183452803,6854.846892857144,2781677.0
Qatar,,Qatar__nan,2020-08-04,371.41089275179206,6588.600665714286,2781677.0
Kosovo,,Kosovo__nan,2020-08-01,52.4176,4232.814285714286,1810000.0
Kosovo,,Kosovo__nan,2020-08-02,104.8352,4297.4571428571435,1810000.0
Kosovo,,Kosovo__nan,2020-08-03,104.8352,4230.228571428572,1810000.0
Kosovo,,Kosovo__nan,2020-08-04,157.25279999999998,4194.028571428571,1810000.0
Romania,,Romania__nan,2020-08-01,6067.746933313537,234605.28898285716,19473936.0
Romania,,Romania__nan,2020-08-02,12135.493866627074,233353.39309714286,19473936.0
Romania,,Romania__nan,2020-08-03,12135.493866627074,225535.99878857142,19473936.0
Romania,,Romania__nan,2020-08-04,18203.24079994061,227789.41138285716,19473936.0
Russia,,Russia__nan,2020-08-01,333982.51090884,7958263.788428574,144478050.0
Russia,,Russia__nan,2020-08-02,667965.02181768,7885199.174571428,144478050.0
Russia,,Russia__nan,2020-08-03,667965.02181768,7835044.651500001,144478050.0
Russia,,Russia__nan,2020-08-04,1001947.5327265201,7781587.773,144478050.0
Rwanda,,Rwanda__nan,2020-08-01,2421.4032505555365,5096.517585714286,12301939.0
Rwanda,,Rwanda__nan,2020-08-02,4842.806501111073,4235.381855714286,12301939.0
Rwanda,,Rwanda__nan,2020-08-03,4842.806501111073,3743.304295714286,12301939.0
Rwanda,,Rwanda__nan,2020-08-04,7264.209751666608,3040.336352857143,12301939.0
Saudi Arabia,,Saudi Arabia__nan,2020-08-01,18170.982844844944,602025.4817642856,33699947.0
Saudi Arabia,,Saudi Arabia__nan,2020-08-02,36341.96568968989,572610.2423114285,33699947.0
Saudi Arabia,,Saudi Arabia__nan,2020-08-03,36341.96568968989,537225.2979614285,33699947.0
Saudi Arabia,,Saudi Arabia__nan,2020-08-04,54512.94853453483,511517.0526785714,33699947.0
Sudan,,Sudan__nan,2020-08-01,27957.890578401428,21079.915927142858,41801533.0
Sudan,,Sudan__nan,2020-08-02,55915.781156802856,21079.915927142858,41801533.0
Sudan,,Sudan__nan,2020-08-03,55915.781156802856,18750.97337428571,41801533.0
Sudan,,Sudan__nan,2020-08-04,83873.67173520429,16959.47910285714,41801533.0
Senegal,,Senegal__nan,2020-08-01,4021.7716961536003,16579.13074285714,15854360.0
Senegal,,Senegal__nan,2020-08-02,8043.5433923072005,15016.34382857143,15854360.0
Senegal,,Senegal__nan,2020-08-03,8043.5433923072005,14087.731314285715,15854360.0
Senegal,,Senegal__nan,2020-08-04,12065.315088460799,14200.976742857143,15854360.0
Singapore,,Singapore__nan,2020-08-01,508.71467252761596,21136.979748571426,5638676.0
Singapore,,Singapore__nan,2020-08-02,1017.4293450552319,19783.697508571426,5638676.0
Singapore,,Singapore__nan,2020-08-03,1017.4293450552319,17826.271411428574,5638676.0
Singapore,,Singapore__nan,2020-08-04,1526.1440175828477,17310.73532,5638676.0
Solomon Islands,,Solomon Islands__nan,2020-08-01,13.639154181248001,0.0,652858.0
Solomon Islands,,Solomon Islands__nan,2020-08-02,6.8195770906240005,0.0,652858.0
Solomon Islands,,Solomon Islands__nan,2020-08-03,6.8195770906240005,0.0,652858.0
Solomon Islands,,Solomon Islands__nan,2020-08-04,0.0,0.0,652858.0
Sierra Leone,,Sierra Leone__nan,2020-08-01,936.3976995794561,601.0835285714287,7650154.0
Sierra Leone,,Sierra Leone__nan,2020-08-02,1872.7953991589122,655.7274857142858,7650154.0
Sierra Leone,,Sierra Leone__nan,2020-08-03,1872.7953991589122,710.3714428571429,7650154.0
Sierra Leone,,Sierra Leone__nan,2020-08-04,2809.1930987383685,754.0866085714287,7650154.0
El Salvador,,El Salvador__nan,2020-08-01,659.6152562165761,25948.97825142858,6420744.0
El Salvador,,El Salvador__nan,2020-08-02,1319.2305124331522,25848.08084571429,6420744.0
El Salvador,,El Salvador__nan,2020-08-03,1319.2305124331522,25756.355931428578,6420744.0
El Salvador,,El Salvador__nan,2020-08-04,1978.8457686497284,25829.73586285715,6420744.0
San Marino,,San Marino__nan,2020-08-01,0.0547884588,0.0,33785.0
San Marino,,San Marino__nan,2020-08-02,0.0365256392,0.0,33785.0
San Marino,,San Marino__nan,2020-08-03,0.0730512784,0.0,33785.0
San Marino,,San Marino__nan,2020-08-04,0.0547884588,0.0,33785.0
Somalia,,Somalia__nan,2020-08-01,3603.914983803456,728.9674799999999,15008154.0
Somalia,,Somalia__nan,2020-08-02,7207.829967606912,900.4892399999999,15008154.0
Somalia,,Somalia__nan,2020-08-03,14415.659935213824,514.5652799999999,15008154.0
Somalia,,Somalia__nan,2020-08-04,10811.744951410366,171.52175999999997,15008154.0
Serbia,,Serbia__nan,2020-08-01,779.9919517288961,30222.44931428571,6982084.0
Serbia,,Serbia__nan,2020-08-02,1559.9839034577922,24566.96127428571,6982084.0
Serbia,,Serbia__nan,2020-08-03,1559.9839034577922,23040.877200000003,6982084.0
Serbia,,Serbia__nan,2020-08-04,2339.9758551866885,22123.231874285713,6982084.0
South Sudan,,South Sudan__nan,2020-08-01,1927.5331175424003,1473.909257142857,10975920.0
South Sudan,,South Sudan__nan,2020-08-02,3855.0662350848006,2618.5409142857143,10975920.0
South Sudan,,South Sudan__nan,2020-08-03,7710.132470169601,1944.3058285714287,10975920.0
South Sudan,,South Sudan__nan,2020-08-04,5782.5993526272005,2069.7449142857145,10975920.0
Suriname,,Suriname__nan,2020-08-01,5.308250113295999,311.8579842857142,575991.0
Suriname,,Suriname__nan,2020-08-02,10.616500226591999,337.3661571428571,575991.0
Suriname,,Suriname__nan,2020-08-03,10.616500226591999,337.3661571428571,575991.0
Suriname,,Suriname__nan,2020-08-04,15.924750339887998,387.5596585714286,575991.0
Slovak Republic,,Slovak Republic__nan,2020-08-01,474.7188613459359,1525.16308,5447011.0
Slovak Republic,,Slovak Republic__nan,2020-08-02,949.4377226918718,1283.938307142857,5447011.0
Slovak Republic,,Slovak Republic__nan,2020-08-03,949.4377226918718,1346.1898614285715,5447011.0
Slovak Republic,,Slovak Republic__nan,2020-08-04,1424.156584037808,1276.1568628571429,5447011.0
Slovenia,,Slovenia__nan,2020-08-01,68.384431782144,310.1058,2067372.0
Slovenia,,Slovenia__nan,2020-08-02,136.768863564288,289.43208,2067372.0
Slovenia,,Slovenia__nan,2020-08-03,136.768863564288,277.6185257142857,2067372.0
Slovenia,,Slovenia__nan,2020-08-04,205.15329534643197,262.8515828571429,2067372.0
Sweden,,Sweden__nan,2020-08-01,1659.15284929,22693.932857142856,10183175.0
Sweden,,Sweden__nan,2020-08-02,4977.45854787,22635.743285714285,10183175.0
Sweden,,Sweden__nan,2020-08-03,3318.30569858,24003.198214285712,10183175.0
Sweden,,Sweden__nan,2020-08-04,4977.45854787,24745.11525,10183175.0
Eswatini,,Eswatini__nan,2020-08-01,20.654879815696,915.4453199999999,1136191.0
Eswatini,,Eswatini__nan,2020-08-02,41.309759631392,921.9378399999999,1136191.0
Eswatini,,Eswatini__nan,2020-08-03,41.309759631392,847.27386,1136191.0
Eswatini,,Eswatini__nan,2020-08-04,61.964639447088,733.65476,1136191.0
Seychelles,,Seychelles__nan,2020-08-01,0.149806154304,0.0,96762.0
Seychelles,,Seychelles__nan,2020-08-02,0.299612308608,0.0,96762.0
Seychelles,,Seychelles__nan,2020-08-03,0.299612308608,0.0,96762.0
Seychelles,,Seychelles__nan,2020-08-04,0.449418462912,0.0,96762.0
Syria,,Syria__nan,2020-08-01,6849.313109388865,3695.2304271428566,16906283.0
Syria,,Syria__nan,2020-08-02,4573.158478017424,3840.141424285714,16906283.0
Syria,,Syria__nan,2020-08-03,8826.947381836262,4178.267084285714,16906283.0
Syria,,Syria__nan,2020-08-04,0.0,4782.062905714285,16906283.0
Chad,,Chad__nan,2020-08-01,7665.944832576033,464.33253,15477751.0
Chad,,Chad__nan,2020-08-02,3832.9724162880166,464.33253,15477751.0
Chad,,Chad__nan,2020-08-03,3832.9724162880166,309.55502,15477751.0
Chad,,Chad__nan,2020-08-04,0.0,265.3328742857143,15477751.0
Togo,,Togo__nan,2020-08-01,995.804866253376,1183.3641,7889094.0
Togo,,Togo__nan,2020-08-02,1991.609732506752,1048.1224885714284,7889094.0
Togo,,Togo__nan,2020-08-03,1991.609732506752,1149.5536971428573,7889094.0
Togo,,Togo__nan,2020-08-04,2987.414598760128,1036.8523542857142,7889094.0
Thailand,,Thailand__nan,2020-08-01,154250.23823419446,2975.5081714285716,69428524.0
Thailand,,Thailand__nan,2020-08-02,77125.11911709723,2578.7737485714283,69428524.0
Thailand,,Thailand__nan,2020-08-03,77125.11911709723,2281.2229314285714,69428524.0
Thailand,,Thailand__nan,2020-08-04,0.0,2380.4065371428574,69428524.0
Tajikistan,,Tajikistan__nan,2020-08-01,1325.203745609104,3913.35991,9100837.0
Tajikistan,,Tajikistan__nan,2020-08-02,2650.407491218208,3939.3623014285718,9100837.0
Tajikistan,,Tajikistan__nan,2020-08-03,2650.407491218208,3939.3623014285718,9100837.0
Tajikistan,,Tajikistan__nan,2020-08-04,3975.6112368273125,3991.367084285713,9100837.0
Turkmenistan,,Turkmenistan__nan,2020-08-01,1095.459981582848,0.0,5850908.0
Turkmenistan,,Turkmenistan__nan,2020-08-02,547.729990791424,0.0,5850908.0
Turkmenistan,,Turkmenistan__nan,2020-08-03,1643.1899723742722,0.0,5850908.0
Turkmenistan,,Turkmenistan__nan,2020-08-04,1095.459981582848,0.0,5850908.0
Timor-Leste,,Timor-Leste__nan,2020-08-01,25.724047884544,0.0,1267972.0
Timor-Leste,,Timor-Leste__nan,2020-08-02,25.724047884544,0.0,1267972.0
Timor-Leste,,Timor-Leste__nan,2020-08-03,25.724047884544,0.0,1267972.0
Timor-Leste,,Timor-Leste__nan,2020-08-04,25.724047884544,1.8113885714285713,1267972.0
Trinidad and Tobago,,Trinidad and Tobago__nan,2020-08-01,61.81456832524801,51.62329714285713,1389858.0
Trinidad and Tobago,,Trinidad and Tobago__nan,2020-08-02,30.907284162624006,69.4929,1389858.0
Trinidad and Tobago,,Trinidad and Tobago__nan,2020-08-03,0.0,67.50738857142856,1389858.0
Trinidad and Tobago,,Trinidad and Tobago__nan,2020-08-04,0.0,81.40596857142859,1389858.0
Tunisia,,Tunisia__nan,2020-08-01,2140.063096985856,1800.8674800000001,11565204.0
Tunisia,,Tunisia__nan,2020-08-02,4280.126193971712,1800.8674800000001,11565204.0
Tunisia,,Tunisia__nan,2020-08-03,4280.126193971712,1817.3892,11565204.0
Tunisia,,Tunisia__nan,2020-08-04,6420.189290957568,1916.51952,11565204.0
Turkey,,Turkey__nan,2020-08-01,108424.59135097881,787446.9598628572,82319724.0
Turkey,,Turkey__nan,2020-08-02,216849.18270195762,794502.9362057144,82319724.0
Turkey,,Turkey__nan,2020-08-03,216849.18270195762,803440.50624,82319724.0
Turkey,,Turkey__nan,2020-08-04,325273.77405293647,817552.4589257144,82319724.0
Taiwan,,Taiwan__nan,2020-08-01,9047.814400000001,543.5428571428571,23780000.0
Taiwan,,Taiwan__nan,2020-08-02,9047.814400000001,577.5142857142857,23780000.0
Taiwan,,Taiwan__nan,2020-08-03,9047.814400000001,441.6285714285714,23780000.0
Taiwan,,Taiwan__nan,2020-08-04,9047.814400000001,339.7142857142857,23780000.0
Tanzania,,Tanzania__nan,2020-08-01,101496.20228637135,0.0,56318348.0
Tanzania,,Tanzania__nan,2020-08-02,50748.101143185675,0.0,56318348.0
Tanzania,,Tanzania__nan,2020-08-03,50748.101143185675,0.0,56318348.0
Tanzania,,Tanzania__nan,2020-08-04,0.0,0.0,56318348.0
Uganda,,Uganda__nan,2020-08-01,58408.531392426274,4455.413067142857,42723139.0
Uganda,,Uganda__nan,2020-08-02,29204.265696213137,4089.2147328571427,42723139.0
Uganda,,Uganda__nan,2020-08-03,29204.265696213137,4089.2147328571427,42723139.0
Uganda,,Uganda__nan,2020-08-04,0.0,4150.247788571428,42723139.0
Ukraine,,Ukraine__nan,2020-08-01,31858.702946724097,464839.1238171429,44622516.0
Ukraine,,Ukraine__nan,2020-08-02,63717.405893448195,478098.3857142857,44622516.0
Ukraine,,Ukraine__nan,2020-08-03,63717.405893448195,489891.47922857146,44622516.0
Ukraine,,Ukraine__nan,2020-08-04,95576.1088401723,500409.6437142857,44622516.0
Uruguay,,Uruguay__nan,2020-08-01,190.362617462416,512.46728,3449299.0
Uruguay,,Uruguay__nan,2020-08-02,380.725234924832,463.19157999999993,3449299.0
Uruguay,,Uruguay__nan,2020-08-03,380.725234924832,438.55373000000003,3449299.0
Uruguay,,Uruguay__nan,2020-08-04,571.0878523872481,404.06074,3449299.0
United States,,United States__nan,2020-08-01,1712616.4779223097,206477237.1255943,327167434.0
United States,,United States__nan,2020-08-02,3425232.9558446193,202461490.56426856,327167434.0
United States,,United States__nan,2020-08-03,3425232.9558446193,197142682.85152572,327167434.0
United States,,United States__nan,2020-08-04,5137849.433766929,193169000.67457142,327167434.0
United States,Alaska,United States__Alaska,2020-08-01,8.5625293924,998.0363928571428,731545.0
United States,Alaska,United States__Alaska,2020-08-02,17.1250587848,909.2059285714286,731545.0
United States,Alaska,United States__Alaska,2020-08-03,17.1250587848,874.7188071428571,731545.0
United States,Alaska,United States__Alaska,2020-08-04,25.6875881772,805.7445642857143,731545.0
United States,Alabama,United States__Alabama,2020-08-01,384.6595703076,84832.10505,4903185.0
United States,Alabama,United States__Alabama,2020-08-02,769.3191406152,80622.37049999999,4903185.0
United States,Alabama,United States__Alabama,2020-08-03,769.3191406152,78773.16930000001,4903185.0
United States,Alabama,United States__Alabama,2020-08-04,1153.9787109227998,75361.95345,4903185.0
United States,Arkansas,United States__Arkansas,2020-08-01,145.71425571865603,22383.483382857143,3017804.0
United States,Arkansas,United States__Arkansas,2020-08-02,291.42851143731207,22361.927639999998,3017804.0
United States,Arkansas,United States__Arkansas,2020-08-03,291.42851143731207,22202.415142857146,3017804.0
United States,Arkansas,United States__Arkansas,2020-08-04,437.1427671559681,22417.97257142857,3017804.0
United States,Arizona,United States__Arizona,2020-08-01,847.675538657424,176363.31291,7278717.0
United States,Arizona,United States__Arizona,2020-08-02,1695.351077314848,171081.0440014286,7278717.0
United States,Arizona,United States__Arizona,2020-08-03,1695.351077314848,162939.27912857142,7278717.0
United States,Arizona,United States__Arizona,2020-08-04,2543.026615972272,151511.6934385714,7278717.0
United States,California,United States__California,2020-08-01,24979.452262427665,3395849.7827185714,39512223.0
United States,California,United States__California,2020-08-02,49958.90452485533,3380383.569715714,39512223.0
United States,California,United States__California,2020-08-03,49958.90452485533,3315075.5097,39512223.0
United States,California,United States__California,2020-08-04,74938.356787283,3156631.49547,39512223.0
United States,Colorado,United States__Colorado,2020-08-01,530.6086450831359,28612.69115428571,5758736.0
United States,Colorado,United States__Colorado,2020-08-02,1061.2172901662718,27896.962537142852,5758736.0
United States,Colorado,United States__Colorado,2020-08-03,1061.2172901662718,27995.68372571429,5758736.0
United States,Colorado,United States__Colorado,2020-08-04,1591.8259352494078,25338.4384,5758736.0
United States,Connecticut,United States__Connecticut,2020-08-01,203.38034227790402,5266.438225714286,3565287.0
United States,Connecticut,United States__Connecticut,2020-08-02,406.76068455580804,5266.438225714286,3565287.0
United States,Connecticut,United States__Connecticut,2020-08-03,406.76068455580804,5495.635247142857,3565287.0
United States,Connecticut,United States__Connecticut,2020-08-04,610.141026833712,5261.344958571429,3565287.0
United States,Washington DC,United States__Washington DC,2020-08-01,7.496600192064,477.1928914285714,684498.0
United States,Washington DC,United States__Washington DC,2020-08-02,14.993200384128,483.0600171428571,684498.0
United States,Washington DC,United States__Washington DC,2020-08-03,14.993200384128,444.9237,684498.0
United States,Washington DC,United States__Washington DC,2020-08-04,22.489800576192,442.96799142857134,684498.0
United States,Delaware,United States__Delaware,2020-08-01,15.171461243136001,976.5461828571429,973764.0
United States,Delaware,United States__Delaware,2020-08-02,30.342922486272002,916.7292514285715,973764.0
United States,Delaware,United States__Delaware,2020-08-03,30.342922486272002,902.8183371428573,973764.0
United States,Delaware,United States__Delaware,2020-08-04,45.51438372940801,919.5114342857144,973764.0
United States,Florida,United States__Florida,2020-08-01,7380.6909862587045,2010224.1357557143,21477737.0
United States,Florida,United States__Florida,2020-08-02,14761.381972517409,1941495.3773557143,21477737.0
United States,Florida,United States__Florida,2020-08-03,14761.381972517409,1814469.9042414285,21477737.0
United States,Florida,United States__Florida,2020-08-04,22142.072958776113,1698367.3945157141,21477737.0
United States,Georgia,United States__Georgia,2020-08-01,1803.6747385748643,376524.1550742857,10617423.0
United States,Georgia,United States__Georgia,2020-08-02,3607.3494771497285,382591.25393142854,10617423.0
United States,Georgia,United States__Georgia,2020-08-03,3607.3494771497285,373005.23773714283,10617423.0
United States,Georgia,United States__Georgia,2020-08-04,5411.024215724592,347280.7385828571,10617423.0
United States,Hawaii,United States__Hawaii,2020-08-01,32.075096326144,1167.083062857143,1415872.0
United States,Hawaii,United States__Hawaii,2020-08-02,64.150192652288,1130.6749257142858,1415872.0
United States,Hawaii,United States__Hawaii,2020-08-03,64.150192652288,1490.7109485714286,1415872.0
United States,Hawaii,United States__Hawaii,2020-08-04,96.22528897843199,1686.9103542857142,1415872.0
United States,Iowa,United States__Iowa,2020-08-01,159.2714672784,15356.176414285712,3155070.0
United States,Iowa,United States__Iowa,2020-08-02,318.5429345568,15171.379457142853,3155070.0
United States,Iowa,United States__Iowa,2020-08-03,318.5429345568,14463.742328571427,3155070.0
United States,Iowa,United States__Iowa,2020-08-04,477.81440183519993,14887.423157142854,3155070.0
United States,Idaho,United States__Idaho,2020-08-01,51.0976210276,8383.887800000002,1787065.0
United States,Idaho,United States__Idaho,2020-08-02,102.1952420552,7485.249399999999,1787065.0
United States,Idaho,United States__Idaho,2020-08-03,102.1952420552,7602.6851,1787065.0
United States,Idaho,United States__Idaho,2020-08-04,153.2928630828,7699.697199999999,1787065.0
United States,Illinois,United States__Illinois,2020-08-01,2569.200759296656,192466.85838857142,12671821.0
United States,Illinois,United States__Illinois,2020-08-02,5138.401518593312,191181.57368714287,12671821.0
United States,Illinois,United States__Illinois,2020-08-03,5138.401518593312,192394.44798285712,12671821.0
United States,Illinois,United States__Illinois,2020-08-04,7707.602277889969,199581.18075,12671821.0
United States,Indiana,United States__Indiana,2020-08-01,725.1643626233761,53876.98691142857,6732219.0
United States,Indiana,United States__Indiana,2020-08-02,1450.3287252467521,52751.744592857154,6732219.0
United States,Indiana,United States__Indiana,2020-08-03,1450.3287252467521,53146.06027714285,6732219.0
United States,Indiana,United States__Indiana,2020-08-04,2175.4930878701284,53636.550518571436,6732219.0
United States,Kansas,United States__Kansas,2020-08-01,135.79837540153602,10750.12866,2913314.0
United States,Kansas,United States__Kansas,2020-08-02,271.59675080307204,10741.804905714285,2913314.0
United States,Kansas,United States__Kansas,2020-08-03,271.59675080307204,10937.413131428571,2913314.0
United States,Kansas,United States__Kansas,2020-08-04,407.39512620460806,11336.95333714286,2913314.0
United States,Kentucky,United States__Kentucky,2020-08-01,319.361632558864,25267.882009999998,4467673.0
United States,Kentucky,United States__Kentucky,2020-08-02,638.723265117728,26186.94617,4467673.0
United States,Kentucky,United States__Kentucky,2020-08-03,638.723265117728,25031.73358,4467673.0
United States,Kentucky,United States__Kentucky,2020-08-04,958.084897676592,26078.44554,4467673.0
United States,Louisiana,United States__Louisiana,2020-08-01,345.78057047097604,83319.67074857143,4648794.0
United States,Louisiana,United States__Louisiana,2020-08-02,691.5611409419521,80842.52766,4648794.0
United States,Louisiana,United States__Louisiana,2020-08-03,691.5611409419521,72580.95660857143,4648794.0
United States,Louisiana,United States__Louisiana,2020-08-04,1037.3417114129281,89143.94551714287,4648794.0
United States,Massachusetts,United States__Massachusetts,2020-08-01,760.1055616801442,20618.430402857146,6892503.0
United States,Massachusetts,United States__Massachusetts,2020-08-02,1520.2111233602884,20401.80888,6892503.0
United States,Massachusetts,United States__Massachusetts,2020-08-03,1520.2111233602884,20362.42314857143,6892503.0
United States,Massachusetts,United States__Massachusetts,2020-08-04,2280.3166850404323,20047.337297142858,6892503.0
United States,Maryland,United States__Maryland,2020-08-01,584.8039465984,54506.12354285715,6045680.0
United States,Maryland,United States__Maryland,2020-08-02,1169.6078931968,56363.01097142858,6045680.0
United States,Maryland,United States__Maryland,2020-08-03,1169.6078931968,54134.74605714285,6045680.0
United States,Maryland,United States__Maryland,2020-08-04,1754.4118397952,54670.22057142858,6045680.0
United States,Maine,United States__Maine,2020-08-01,28.910494415104,282.28452,1344212.0
United States,Maine,United States__Maine,2020-08-02,57.820988830208,276.5236114285714,1344212.0
United States,Maine,United States__Maine,2020-08-03,57.820988830208,265.0017942857143,1344212.0
United States,Maine,United States__Maine,2020-08-04,86.73148324531199,266.9220971428571,1344212.0
United States,Michigan,United States__Michigan,2020-08-01,1595.797003815184,81464.21924285716,9986857.0
United States,Michigan,United States__Michigan,2020-08-02,3191.594007630368,72718.58589857143,9986857.0
United States,Michigan,United States__Michigan,2020-08-03,3191.594007630368,74202.34751,9986857.0
United States,Michigan,United States__Michigan,2020-08-04,4787.391011445553,74430.61852714285,9986857.0
United States,Minnesota,United States__Minnesota,2020-08-01,508.88718552678415,39453.25414857144,5639632.0
United States,Minnesota,United States__Minnesota,2020-08-02,1017.7743710535683,38623.42258285714,5639632.0
United States,Minnesota,United States__Minnesota,2020-08-03,1017.7743710535683,38325.32774857143,5639632.0
United States,Minnesota,United States__Minnesota,2020-08-04,1526.6615565803525,39324.348274285716,5639632.0
United States,Missouri,United States__Missouri,2020-08-01,602.688359282944,92920.65992,6137428.0
United States,Missouri,United States__Missouri,2020-08-02,1205.376718565888,87887.96896,6137428.0
United States,Missouri,United States__Missouri,2020-08-03,1205.376718565888,85266.41042857143,6137428.0
United States,Missouri,United States__Missouri,2020-08-04,1808.0650778488323,81022.81735428571,6137428.0
United States,Mississippi,United States__Mississippi,2020-08-01,141.719405923216,37839.60871428571,2976149.0
United States,Mississippi,United States__Mississippi,2020-08-02,283.438811846432,35709.53635857143,2976149.0
United States,Mississippi,United States__Mississippi,2020-08-03,283.438811846432,35475.69608,2976149.0
United States,Mississippi,United States__Mississippi,2020-08-04,425.15821776964805,34497.818551428565,2976149.0
United States,Montana,United States__Montana,2020-08-01,18.276582612544,1255.050737142857,1068778.0
United States,Montana,United States__Montana,2020-08-02,36.553165225088,1300.8555085714286,1068778.0
United States,Montana,United States__Montana,2020-08-03,36.553165225088,1302.3823342857143,1068778.0
United States,Montana,United States__Montana,2020-08-04,54.829747837632006,1282.5336,1068778.0
United States,North Carolina,United States__North Carolina,2020-08-01,1759.9984958568962,194074.5029314286,10488084.0
United States,North Carolina,United States__North Carolina,2020-08-02,3519.9969917137923,190763.26498285716,10488084.0
United States,North Carolina,United States__North Carolina,2020-08-03,3519.9969917137923,183736.24870285715,10488084.0
United States,North Carolina,United States__North Carolina,2020-08-04,5279.995487570689,178027.73441142854,10488084.0
United States,North Dakota,United States__North Dakota,2020-08-01,9.291815869504,942.7795600000001,762062.0
United States,North Dakota,United States__North Dakota,2020-08-02,18.583631739008,853.5094399999999,762062.0
United States,North Dakota,United States__North Dakota,2020-08-03,18.583631739008,869.83934,762062.0
United States,North Dakota,United States__North Dakota,2020-08-04,27.875447608511998,862.21872,762062.0
United States,Nebraska,United States__Nebraska,2020-08-01,59.87094896742401,5515.826240000001,1934408.0
United States,Nebraska,United States__Nebraska,2020-08-02,119.74189793484803,5759.008960000001,1934408.0
United States,Nebraska,United States__Nebraska,2020-08-03,119.74189793484803,5684.39608,1934408.0
United States,Nebraska,United States__Nebraska,2020-08-04,179.61284690227203,5584.912240000001,1934408.0
United States,New Hampshire,United States__New Hampshire,2020-08-01,29.581024056336005,386.5464128571429,1359711.0
United States,New Hampshire,United States__New Hampshire,2020-08-02,59.16204811267201,384.6039685714286,1359711.0
United States,New Hampshire,United States__New Hampshire,2020-08-03,59.16204811267201,425.39529857142855,1359711.0
United States,New Hampshire,United States__New Hampshire,2020-08-04,88.74307216900802,374.8917471428571,1359711.0
United States,New Jersey,United States__New Jersey,2020-08-01,2524.5855742752,40236.3207,8882190.0
United States,New Jersey,United States__New Jersey,2020-08-02,2524.5855742752,37901.57361428571,8882190.0
United States,New Jersey,United States__New Jersey,2020-08-03,2524.5855742752,35554.13768571429,8882190.0
United States,New Jersey,United States__New Jersey,2020-08-04,3786.878361412799,33942.65464285715,8882190.0
United States,New Mexico,United States__New Mexico,2020-08-01,70.347069683856,6014.903759999999,2096829.0
United States,New Mexico,United States__New Mexico,2020-08-02,140.694139367712,5913.05778,2096829.0
United States,New Mexico,United States__New Mexico,2020-08-03,140.694139367712,4876.62516,2096829.0
United States,New Mexico,United States__New Mexico,2020-08-04,211.041209051568,4639.983029999999,2096829.0
United States,Nevada,United States__Nevada,2020-08-01,151.79777574937603,31936.817497142856,3080156.0
United States,Nevada,United States__Nevada,2020-08-02,303.59555149875206,32394.440674285714,3080156.0
United States,Nevada,United States__Nevada,2020-08-03,303.59555149875206,32420.842011428573,3080156.0
United States,Nevada,United States__Nevada,2020-08-04,455.39332724812806,31870.814154285716,3080156.0
United States,New York,United States__New York,2020-08-01,6055.056569291536,126920.5901242857,19453561.0
United States,New York,United States__New York,2020-08-02,12110.113138583072,126781.63611714286,19453561.0
United States,New York,United States__New York,2020-08-03,12110.113138583072,125030.81562714286,19453561.0
United States,New York,United States__New York,2020-08-04,18165.169707874607,130922.46553,19453561.0
United States,Ohio,United States__Ohio,2020-08-01,2186.16094096,148668.6532857143,11689100.0
United States,Ohio,United States__Ohio,2020-08-02,4372.32188192,149587.0825714286,11689100.0
United States,Ohio,United States__Ohio,2020-08-03,4372.32188192,146714.90371428573,11689100.0
United States,Ohio,United States__Ohio,2020-08-04,6558.482822880001,143759.23128571428,11689100.0
United States,Oklahoma,United States__Oklahoma,2020-08-01,250.521911917456,43244.04021428571,3956971.0
United States,Oklahoma,United States__Oklahoma,2020-08-02,501.043823834912,39230.54105714285,3956971.0
United States,Oklahoma,United States__Oklahoma,2020-08-03,501.043823834912,33447.71058142857,3956971.0
United States,Oklahoma,United States__Oklahoma,2020-08-04,751.565735752368,32153.215782857147,3956971.0
United States,Oregon,United States__Oregon,2020-08-01,284.62888641870404,14008.91217857143,4217737.0
United States,Oregon,United States__Oregon,2020-08-02,569.2577728374081,14093.266918571431,4217737.0
United States,Oregon,United States__Oregon,2020-08-03,569.2577728374081,13725.721265714288,4217737.0
United States,Oregon,United States__Oregon,2020-08-04,853.8866592561122,13804.050667142857,4217737.0
United States,Pennsylvania,United States__Pennsylvania,2020-08-01,2622.254757697936,116187.19445285716,12801989.0
United States,Pennsylvania,United States__Pennsylvania,2020-08-02,5244.509515395872,114998.43833142857,12801989.0
United States,Pennsylvania,United States__Pennsylvania,2020-08-03,5244.509515395872,107884.19015857144,12801989.0
United States,Pennsylvania,United States__Pennsylvania,2020-08-04,7866.764273093809,103165.74278428573,12801989.0
United States,Rhode Island,United States__Rhode Island,2020-08-01,17.955931653136002,1207.67154,1059361.0
United States,Rhode Island,United States__Rhode Island,2020-08-02,35.911863306272004,1207.67154,1059361.0
United States,Rhode Island,United States__Rhode Island,2020-08-03,35.911863306272004,1106.2755585714285,1059361.0
United States,Rhode Island,United States__Rhode Island,2020-08-04,53.867794959407995,1006.39295,1059361.0
United States,South Carolina,United States__South Carolina,2020-08-01,424.148093660736,77900.04281999999,5148714.0
United States,South Carolina,United States__South Carolina,2020-08-02,848.296187321472,77885.33220857143,5148714.0
United States,South Carolina,United States__South Carolina,2020-08-03,848.296187321472,77480.79039428571,5148714.0
United States,South Carolina,United States__South Carolina,2020-08-04,1272.444280982208,74148.83690571428,5148714.0
United States,South Dakota,United States__South Dakota,2020-08-01,12.521944740496004,710.2547971428572,884659.0
United States,South Dakota,United States__South Dakota,2020-08-02,25.043889480992007,707.7272,884659.0
United States,South Dakota,United States__South Dakota,2020-08-03,25.043889480992007,727.9479771428572,884659.0
United States,South Dakota,United States__South Dakota,2020-08-04,37.565834221488004,741.8497614285716,884659.0
United States,Tennessee,United States__Tennessee,2020-08-01,746.201880356416,169636.68216,6829174.0
United States,Tennessee,United States__Tennessee,2020-08-02,1492.403760712832,153080.81319142858,6829174.0
United States,Tennessee,United States__Tennessee,2020-08-03,1492.403760712832,138017.60654,6829174.0
United States,Tennessee,United States__Tennessee,2020-08-04,2238.605641069248,130700.63439714287,6829174.0
United States,Texas,United States__Texas,2020-08-01,13452.177839458576,2307036.5604214286,28995881.0
United States,Texas,United States__Texas,2020-08-02,26904.355678917153,2303018.5597685715,28995881.0
United States,Texas,United States__Texas,2020-08-03,26904.355678917153,2396095.337778572,28995881.0
United States,Texas,United States__Texas,2020-08-04,40356.533518375734,2452595.8830414284,28995881.0
United States,Utah,United States__Utah,2020-08-01,164.450667164224,14101.635259999995,3205958.0
United States,Utah,United States__Utah,2020-08-02,328.901334328448,14664.967879999997,3205958.0
United States,Utah,United States__Utah,2020-08-03,328.901334328448,14289.412799999996,3205958.0
United States,Utah,United States__Utah,2020-08-04,493.352001492672,13977.976879999998,3205958.0
United States,Virginia,United States__Virginia,2020-08-01,1165.6813535897759,87696.36092571427,8535519.0
United States,Virginia,United States__Virginia,2020-08-02,2331.3627071795518,87976.81369285715,8535519.0
United States,Virginia,United States__Virginia,2020-08-03,2331.3627071795518,85769.77235142856,8535519.0
United States,Virginia,United States__Virginia,2020-08-04,3497.044060769328,88488.94483285715,8535519.0
United States,Virgin Islands,United States__Virgin Islands,2020-08-01,0.18310525646400003,10.544875714285716,106977.0
United States,Virgin Islands,United States__Virgin Islands,2020-08-02,0.36621051292800005,10.544875714285716,106977.0
United States,Virgin Islands,United States__Virgin Islands,2020-08-03,0.36621051292800005,11.46182142857143,106977.0
United States,Virgin Islands,United States__Virgin Islands,2020-08-04,0.549315769392,13.448537142857147,106977.0
United States,Vermont,United States__Vermont,2020-08-01,6.229796353936,22.285321428571432,623989.0
United States,Vermont,United States__Vermont,2020-08-02,12.459592707872,23.176734285714282,623989.0
United States,Vermont,United States__Vermont,2020-08-03,12.459592707872,22.285321428571432,623989.0
United States,Vermont,United States__Vermont,2020-08-04,18.689389061808,23.176734285714282,623989.0
United States,Washington,United States__Washington,2020-08-01,927.7855264231839,61919.95850857142,7614893.0
United States,Washington,United States__Washington,2020-08-02,1855.5710528463678,60244.68204857142,7614893.0
United States,Washington,United States__Washington,2020-08-03,1855.5710528463678,58678.18977428572,7614893.0
United States,Washington,United States__Washington,2020-08-04,2783.3565792695517,56284.93768857142,7614893.0
United States,Wisconsin,United States__Wisconsin,2020-08-01,542.411802949696,51004.52184,5822434.0
United States,Wisconsin,United States__Wisconsin,2020-08-02,1084.823605899392,50713.40014,5822434.0
United States,Wisconsin,United States__Wisconsin,2020-08-03,1084.823605899392,49166.29624857142,5822434.0
United States,Wisconsin,United States__Wisconsin,2020-08-04,1627.235408849088,48883.49231142858,5822434.0
United States,West Virginia,United States__West Virginia,2020-08-01,51.388653913744,2465.48223,1792147.0
United States,West Virginia,United States__West Virginia,2020-08-02,102.777307827488,2480.8434899999997,1792147.0
United States,West Virginia,United States__West Virginia,2020-08-03,102.777307827488,2506.44559,1792147.0
United States,West Virginia,United States__West Virginia,2020-08-04,154.16596174123202,2404.03719,1792147.0
United States,Wyoming,United States__Wyoming,2020-08-01,5.359391681296,267.05593857142856,578759.0
United States,Wyoming,United States__Wyoming,2020-08-02,10.718783362592,275.32392428571427,578759.0
United States,Wyoming,United States__Wyoming,2020-08-03,10.718783362592,271.18993142857136,578759.0
United States,Wyoming,United States__Wyoming,2020-08-04,16.078175043888,243.90557857142858,578759.0
Uzbekistan,,Uzbekistan__nan,2020-08-01,17376.93422656,227439.33914285712,32955400.0
Uzbekistan,,Uzbekistan__nan,2020-08-02,34753.86845312,226215.2814285714,32955400.0
Uzbekistan,,Uzbekistan__nan,2020-08-03,34753.86845312,228663.39685714286,32955400.0
Uzbekistan,,Uzbekistan__nan,2020-08-04,52130.80267967999,251779.256,32955400.0
Venezuela,,Venezuela__nan,2020-08-01,16863.365599539644,186171.51461428573,28870195.0
Venezuela,,Venezuela__nan,2020-08-02,34380.085455264125,195616.19269285715,28870195.0
Venezuela,,Venezuela__nan,2020-08-03,53343.242197633605,196564.78481428573,28870195.0
Venezuela,,Venezuela__nan,2020-08-04,66679.052747042,200730.34152142855,28870195.0
United States Virgin Islands,,United States Virgin Islands__nan,2020-08-01,0.549315769392,10.544875714285716,106977.0
United States Virgin Islands,,United States Virgin Islands__nan,2020-08-02,0.36621051292800005,10.544875714285716,106977.0
United States Virgin Islands,,United States Virgin Islands__nan,2020-08-03,0.7324210258560001,11.46182142857143,106977.0
United States Virgin Islands,,United States Virgin Islands__nan,2020-08-04,0.549315769392,13.448537142857147,106977.0
Vietnam,,Vietnam__nan,2020-08-01,292094.9464561928,23612.126192857144,95540395.0
Vietnam,,Vietnam__nan,2020-08-02,146047.4732280964,27433.741992857143,95540395.0
Vietnam,,Vietnam__nan,2020-08-03,146047.4732280964,30163.46756428571,95540395.0
Vietnam,,Vietnam__nan,2020-08-04,0.0,30845.898957142857,95540395.0
Vanuatu,,Vanuatu__nan,2020-08-01,2.7411706368,0.0,292680.0
Vanuatu,,Vanuatu__nan,2020-08-02,1.3705853184,0.0,292680.0
Vanuatu,,Vanuatu__nan,2020-08-03,1.3705853184,0.0,292680.0
Vanuatu,,Vanuatu__nan,2020-08-04,0.0,0.0,292680.0
Yemen,,Yemen__nan,2020-08-01,25016.35686835048,2279.89496,28498687.0
Yemen,,Yemen__nan,2020-08-02,25989.60514316701,2157.75773,28498687.0
Yemen,,Yemen__nan,2020-08-03,51850.46577731436,1750.6336299999998,28498687.0
Yemen,,Yemen__nan,2020-08-04,64974.01285791752,2320.6073699999997,28498687.0
South Africa,,South Africa__nan,2020-08-01,53415.75549540614,5702848.6914,57779622.0
South Africa,,South Africa__nan,2020-08-02,106831.51099081228,5452085.13192,57779622.0
South Africa,,South Africa__nan,2020-08-03,106831.51099081228,5310194.888751428,57779622.0
South Africa,,South Africa__nan,2020-08-04,160247.2664862184,5081057.4163628565,57779622.0
Zambia,,Zambia__nan,2020-08-01,4817.3716275149445,47097.802571428576,17351822.0
Zambia,,Zambia__nan,2020-08-02,9634.743255029889,46254.99978857143,17351822.0
Zambia,,Zambia__nan,2020-08-03,9634.743255029889,50270.70716571429,17351822.0
Zambia,,Zambia__nan,2020-08-04,14452.114882544834,44395.87600285715,17351822.0
Zimbabwe,,Zimbabwe__nan,2020-08-01,3335.763852869184,25268.281499999997,14439018.0
Zimbabwe,,Zimbabwe__nan,2020-08-02,6671.527705738368,29063.680517142853,14439018.0
Zimbabwe,,Zimbabwe__nan,2020-08-03,6671.527705738368,28279.848111428568,14439018.0
Zimbabwe,,Zimbabwe__nan,2020-08-04,10007.29155860755,28960.54467428571,14439018.0
